,A,B,C,D
2000-01-01,0.6912577323596043,-1.0529162581477443,0.8047021280263186,0.4261189939259106
2000-01-02,0.4231996735452745,-0.8071380752136681,-0.04012443265585308,1.0422569630210925
2000-01-03,-0.7158119816698967,-1.0222695951262684,-1.0533978006119566,0.25758118811478503
2000-01-04,-1.822477847047023,0.5862742343562015,0.08813294197784782,-0.06122780415658763
2000-01-05,-1.9392943790044952,1.5514879902420309,1.1267616418311526,0.7023470184959746
2000-01-06,-3.2657305890490997,1.1302546673503968,0.9287070912635675,-0.4312553481697914
2000-01-07,-3.680254132528041,1.2292339330376332,1.5643736642787254,-0.6518260646467475
2000-01-08,-4.03511788345306,0.3388645529526194,0.7341298185712722,0.9517905928432717
2000-01-09,-2.9038211387966513,0.05922514437310544,0.12761614476220762,2.945584578818027
2000-01-10,-3.324697369547693,-0.502550118623792,-0.7524775931423441,2.4592858628063743
2000-01-11,-4.203511446347367,-0.6694743855915497,0.41244035343869256,3.270384779703482
2000-01-12,-3.625249943009443,-0.7422965623304056,-0.2063736376809685,2.5926623986434096
2000-01-13,-3.221564399302859,-2.2775466108096243,-0.09368775479264578,3.82140998751236
2000-01-14,-2.222473650414312,-1.43015256782673,-1.0675494154503156,2.6138502681199647
2000-01-15,-1.218580056132435,1.585434076488838,-0.767210700701694,1.2243590066019292
2000-01-16,0.4505027014134726,2.915139715217248,-0.7512054756099938,-0.32871677917395536
2000-01-17,0.13569190143218185,3.941316413282085,-2.2571175998290345,-0.8968212357299921
2000-01-18,0.010914419162431216,2.5380422696421423,-2.389451735949477,-0.7118381993485776
2000-01-19,-0.5097024044122449,1.3746378067160083,-3.0743427759013864,-0.2976275540450347
2000-01-20,-1.9079672171982112,1.569402048208677,-4.1958345784072915,0.3417266709584541
2000-01-21,-3.2022275732658434,1.0587802693374795,-5.634719566137704,2.0518997319942667
2000-01-22,-3.391071599764422,0.9090975857997053,-4.365700175595806,1.899592379741166
2000-01-23,-2.220300285981555,2.613653640204949,-4.3067449865601155,0.6304024330934588
2000-01-24,-2.807549264319885,2.9386898958651404,-4.9106124704136125,1.1636045634700785
2000-01-25,-2.4348850469438075,3.981574623572896,-6.256187026092427,0.8761593159377379
2000-01-26,-4.73886511632341,3.125587428467053,-6.298799160475111,-0.582217760608565
2000-01-27,-4.674101274057582,3.2094230248201896,-6.206229725086407,-1.8722154594677878
2000-01-28,-3.8237441426560554,2.0093011593681505,-6.625649973707021,-1.3270646067665193
2000-01-29,-2.5527673683353247,1.6105421538311835,-6.7571338973985995,-1.0796416541128515
2000-01-30,-1.7195650072556656,1.3596614008085506,-6.988705961976393,1.3277455897189907
2000-01-31,-0.635572236207022,1.6082706368997268,-7.572821875521092,0.5425145424048998
2000-02-01,-1.1674824479411943,2.812003783539666,-9.589403585239342,-1.3839737196800537
2000-02-02,-1.6944266229796634,3.127417328106604,-9.426235232894847,-0.8143945170674087
2000-02-03,-1.462239204887197,3.219364775191075,-9.038309542164656,-0.42949719012839693
2000-02-04,-2.061458763961708,2.947543060531207,-10.522360925466735,-1.8038128040458705
2000-02-05,-1.7819865633058871,3.6674611137584625,-9.51679273008677,-0.25903781992862074
2000-02-06,-0.8519243356086265,4.7536001406162285,-10.505091269538813,-0.4196333585377552
2000-02-07,0.23161739963934747,4.885173018217654,-10.38261964529892,-0.9774253370920163
2000-02-08,-2.6156857832541225,5.013628274087816,-10.584043400336693,0.9787764111393393
2000-02-09,-1.8504657299907104,5.496066121536751,-10.451493467448604,1.355850050950045
2000-02-10,-2.174912000685617,6.274527441736547,-11.20717279942417,1.618871106329465
2000-02-11,-1.6416486434748911,6.01586746127777,-10.207952026929057,2.766680372474224
2000-02-12,-2.5509947842544642,5.540086382269486,-9.892105132455328,1.6581645018016475
2000-02-13,-2.441947838595851,6.1778998186187515,-9.670119275918264,1.8738630740491353
2000-02-14,-3.2530991775264373,6.428506178104598,-10.400129868784056,1.547312010681661
2000-02-15,-3.9209024268201804,7.205489034307432,-12.250191271974284,1.8612465635148594
2000-02-16,-4.729550950288404,6.222082526963918,-13.480872485357732,0.815587143924589
2000-02-17,-5.9399851283565335,5.079280215467298,-12.778724643545173,0.7873356891860079
2000-02-18,-5.631402434070226,5.999792273634668,-13.332349459576923,-0.06917459205024457
2000-02-19,-5.182737168314203,6.363008011186312,-12.367493128736267,2.1165949261767136
2000-02-20,-5.2531066143322,6.328610803600319,-12.404122147019415,1.282507117314076
2000-02-21,-5.001956619309183,7.964587542310445,-10.92304037552406,1.5565070520966673
2000-02-22,-5.220407283793204,8.500227495798097,-9.32995580241404,2.041980969754585
2000-02-23,-5.336123353625507,8.897631304426875,-9.754840451527004,2.8730480357318817
2000-02-24,-5.240812800893217,7.634157178140821,-9.86378938035326,1.6372813713678136
2000-02-25,-7.155684802850526,9.757814276038854,-8.792046871210163,2.874495674491299
2000-02-26,-7.424940363433857,10.359878796304447,-6.363595723245518,3.6865672091030417
2000-02-27,-6.641542432509005,10.588799364785496,-7.950582988963366,3.7649307166054014
2000-02-28,-7.879082444523193,10.68649003190593,-7.7133751171940474,5.474124167933745
2000-02-29,-6.100446763541827,10.400309872681524,-8.618896095723732,5.236263485637444
2000-03-01,-6.793615115967351,10.394413443874736,-7.2140183234321835,5.6582205546007245
2000-03-02,-7.587754533709913,9.731942466410644,-6.288231474394433,7.009398212634278
2000-03-03,-8.029136899458074,8.905045177716344,-8.950245809158307,7.130955992752649
2000-03-04,-9.221627093957487,8.264472014646355,-9.471917723020303,6.980563862742144
2000-03-05,-9.07917248867231,9.213694215611362,-9.265770192504455,9.208273997926884
2000-03-06,-9.203639242300019,10.96099341376027,-7.484938466238895,10.377881067291803
2000-03-07,-9.053292392707588,9.663328794236458,-6.435666209630728,9.72260051674379
2000-03-08,-8.607116137353762,10.033949860913726,-7.016856125178897,9.2926674894125
2000-03-09,-9.617564249867211,10.758449928959491,-6.9703048287513845,11.595313333112365
2000-03-10,-9.425195916010315,10.811334970846788,-8.03145374787218,10.192066786476182
2000-03-11,-10.057024673008666,11.390056479785843,-6.989379110333518,9.217817694071746
2000-03-12,-10.114431459644257,13.078449839166563,-8.373580686240198,8.204261545686064
2000-03-13,-10.06255538652028,13.116054532679586,-8.36764550841694,9.032243365020848
2000-03-14,-9.493160330207438,12.142757880380682,-8.541436561902616,8.286629606345784
2000-03-15,-9.887473618754635,10.949654385913707,-7.315635423916708,9.122368495687827
2000-03-16,-9.541540876477299,10.411748618844234,-8.587460472471143,9.703124264243202
2000-03-17,-9.927196189773703,11.113350215386117,-9.329080601204241,9.98174217305552
2000-03-18,-9.861722060818815,10.515619410005668,-8.298582109181199,9.32406431397631
2000-03-19,-10.042963179552137,12.718694174256761,-8.82053911586149,10.03803199699368
2000-03-20,-9.96260851827064,12.018189432616923,-8.168296245820395,9.77425138111025
2000-03-21,-8.319578773598415,11.333422231301082,-8.441775650676801,9.005398545111682
2000-03-22,-6.0970370626873205,11.02956007998896,-9.512246629606283,8.27491315857436
2000-03-23,-6.581862111437902,11.658141476953075,-10.223868860620167,8.26282090020761
2000-03-24,-7.1721381348735225,12.250848763794448,-8.521434702152849,6.954781055126461
2000-03-25,-6.472140690275172,10.943520371503952,-7.906530513038493,7.558799513806651
2000-03-26,-6.230291527258911,12.245921707180157,-8.14952566006351,7.553907895757704
2000-03-27,-6.503409570131533,12.735701711991307,-8.774058103133658,8.409302333561287
2000-03-28,-8.265363190468895,11.375907015819825,-10.877778830593938,7.827094663631868
2000-03-29,-8.861869120288889,10.746028902066683,-12.662800676029132,8.102841635939273
2000-03-30,-8.69719745697856,9.875461654534545,-12.443989536832827,9.247175622690483
2000-03-31,-9.01871897170416,11.140006842295668,-13.01859637964589,11.056049259530303
2000-04-01,-9.398821200764559,11.739257481431148,-13.717989245132674,12.57829858254355
2000-04-02,-10.511112139002439,11.493750648128868,-12.889060136605607,12.304394303718778
2000-04-03,-10.426074766411494,10.084806096377337,-13.32440591096855,11.559430872953639
2000-04-04,-9.029041001298687,9.78112240157481,-12.57740533922116,13.842938512515797
2000-04-05,-10.055986204016337,8.407523832889414,-11.868226765401864,12.737889703013519
2000-04-06,-10.368836746205933,8.562654478285605,-12.509167816015488,14.075552218737084
2000-04-07,-10.80760495567314,8.408882144697072,-12.073686418826002,14.042776381838664
2000-04-08,-11.068199952319816,7.21738671175436,-12.872424229860224,14.796705084534281
2000-04-09,-11.454018747980916,7.196319904338012,-13.45210946821449,15.179609564531157
2000-04-10,-12.195631871813694,6.038236146462069,-12.363306008465141,15.192401811646343
2000-04-11,-12.252136252667722,6.74034483382079,-11.718380167272326,14.414351714024678
2000-04-12,-12.961196020766057,6.5015621740486464,-10.307574420364418,13.714438438417108
2000-04-13,-14.720228645604278,6.433736452915331,-11.752735333007312,13.354550831125158
2000-04-14,-15.188891457449722,5.03370700181871,-12.298549336943944,13.528881821843422
2000-04-15,-13.669540989014699,5.865554648565882,-13.427967503519891,15.050347815642102
2000-04-16,-15.913865233622715,6.7855221655633935,-13.152191108661599,15.337150989082334
2000-04-17,-15.793772426378807,6.481214561370135,-11.984391085173549,13.710726978242324
2000-04-18,-16.379359630501504,5.856416395166024,-11.846382776696517,12.942235958613693
2000-04-19,-17.26548552001555,7.401160244319124,-11.438400337479562,12.598873186173833
2000-04-20,-16.412480828748993,9.184953981387123,-11.315188701382226,12.748901511135463
2000-04-21,-16.093627828068293,7.798217662487442,-13.420487085188494,14.049705110742808
2000-04-22,-16.102722558014705,8.79828378233769,-14.709896157559244,14.656359571095468
2000-04-23,-15.823662139298463,8.375909389359618,-15.791164959433761,15.141617939525535
2000-04-24,-15.998406450359738,7.769231993029601,-16.63903127341999,13.838068765768323
2000-04-25,-16.624327788285708,8.016560297121098,-16.268105282599514,14.872099810976946
2000-04-26,-16.035314618889284,7.721855382610872,-15.72428773247815,15.059554752380688
2000-04-27,-16.83045825138089,4.824723600752699,-15.120047137309856,14.677020100215007
2000-04-28,-18.000410483869686,4.427640922805796,-17.21227982827984,15.151528822960396
2000-04-29,-17.040452889508977,5.1751350563801966,-16.753887850644993,15.448851947967494
2000-04-30,-18.095939844201972,4.242814694314505,-17.644942072542825,14.301883954798015
2000-05-01,-18.233139131470715,3.776153927566882,-18.8696558168479,13.956859118668177
2000-05-02,-18.256361774603075,4.6188316816004065,-19.23147913547561,13.86191741550859
2000-05-03,-19.25256322847236,5.103502611645339,-18.5566036738333,15.33317953483729
2000-05-04,-19.54968598047179,3.6195138334764727,-19.496687917272137,16.381471736818735
2000-05-05,-19.233421321710644,4.3525011514481085,-20.018699933162374,17.079716958503248
2000-05-06,-19.51457127762269,4.005520068564944,-20.37529987493501,17.335408513939225
2000-05-07,-19.539790706245796,4.28861231124432,-21.7747496697494,16.405652987830702
2000-05-08,-18.902364433953107,4.968441356880012,-22.590593298956204,14.965875888584263
2000-05-09,-20.931000535303394,5.340574701435921,-23.47973711181146,15.029062870796489
2000-05-10,-20.17635524865194,5.318525747594413,-24.04164306251689,15.0574239470965
2000-05-11,-20.382787242003946,3.457937714699511,-23.111667289069462,14.555853074720568
2000-05-12,-21.030283940185395,5.068701362363789,-22.444742782331787,13.187285027480764
2000-05-13,-21.391879128756816,6.199733265627757,-23.46368302004131,13.626598260921208
2000-05-14,-21.281698541922186,6.38270711105682,-23.324150134103668,14.687565534413757
2000-05-15,-21.891490836287556,6.015714274814971,-23.342529198761138,15.451576147008717
2000-05-16,-21.907854160120063,5.142716590465812,-22.192920327481296,14.943528836191629
2000-05-17,-21.56329907221583,4.557496602762543,-23.166524331709375,14.022522850005517
2000-05-18,-21.023647022870993,5.235885430096577,-24.226409949505538,13.651083527209677
2000-05-19,-20.026108124208964,4.816779727391107,-25.11472613074515,13.795928324996094
2000-05-20,-19.2463395663212,4.160824564981493,-25.200272311404003,13.517248560410195
2000-05-21,-19.157595922532266,2.845033342092191,-26.723060145471507,14.645097584316686
2000-05-22,-18.6440596479493,3.8939126321086164,-28.15389063809813,15.239054009799242
2000-05-23,-17.039388965160953,2.8390938777620676,-28.90039929321586,15.340998361481455
2000-05-24,-17.00781677955533,4.686316222515956,-27.19164465889383,14.81330434136483
2000-05-25,-19.406701067213664,5.3713163083571205,-28.51593443821263,14.757120478659514
2000-05-26,-19.91551597755648,4.59654615417425,-29.702294035775395,15.190265925210289
2000-05-27,-20.19283043620864,4.720521099771544,-29.634028637614367,15.134973484750168
2000-05-28,-20.970287923214677,4.619586034009693,-30.151443048719873,15.184717470377427
2000-05-29,-21.06434843319098,5.455220615441794,-31.935492884705827,17.528497779687534
2000-05-30,-22.132211472265674,5.6262640600246865,-30.422279685412086,17.948059134689572
2000-05-31,-22.005017004458317,5.606285271166177,-30.16487167025481,16.681720412635656
2000-06-01,-21.60130351565302,4.657986802892739,-28.469904213166572,17.35880501494787
2000-06-02,-20.120260186101902,5.143932314480699,-27.73466535295796,16.780621698854965
2000-06-03,-19.684047816074273,3.1373201541263582,-30.595806798451044,16.29732333965637
2000-06-04,-21.00646499809698,3.4166654974617616,-29.71474644712227,17.990946072233097
2000-06-05,-20.369861551571102,2.9297167103281905,-29.06788254110212,18.883439566039804
2000-06-06,-20.172318054135733,4.23585297340024,-28.28803454718916,19.79001601434457
2000-06-07,-20.572338828165005,4.813641872918064,-29.751057838873656,20.61657415203418
2000-06-08,-20.78507276640316,5.386560863959269,-27.679548275259563,21.68373734101002
2000-06-09,-21.207519063973713,5.507917964997117,-26.033227611985403,22.03756433811288
2000-06-10,-22.58630436888984,5.845461319354978,-25.54861685311077,23.013908447898128
2000-06-11,-22.409481559334033,7.481001511425434,-25.063319525105648,24.192534414738905
2000-06-12,-21.80342375285889,7.773596450054746,-25.088568655287553,25.38789532900941
2000-06-13,-21.525792861037093,7.500500870582555,-24.668701884473244,24.210424483442335
2000-06-14,-22.333269603524776,7.5292777307401355,-23.40461259103727,25.063688422494106
2000-06-15,-22.884181507206343,6.250252107770604,-22.50838235144507,25.47146021320338
2000-06-16,-23.07312096654629,6.5974270026248405,-22.97317143141764,26.435526413603995
2000-06-17,-21.79436771678275,6.2244754715319734,-23.144873336170917,25.938326598727784
2000-06-18,-19.900693479197173,6.6027857648653345,-26.048271510078344,25.141439670189524
2000-06-19,-20.08824761675363,8.310979928626105,-26.705897506141298,25.02025509740614
2000-06-20,-18.88883767381278,10.17201248882945,-27.064275871872404,23.397397409058005
2000-06-21,-19.137938636446698,9.377070876621222,-27.516097205867474,23.99102650426748
2000-06-22,-19.475459395784366,9.198630028484775,-26.511840182614105,24.569891904828996
2000-06-23,-19.032643493076332,7.2156316146614055,-25.092808070025043,24.95090523819449
2000-06-24,-17.81186653607817,5.673252617731712,-24.54923158201074,23.6528165038739
2000-06-25,-16.28923559348113,4.448194321384419,-21.77564703275195,23.267012224483945
2000-06-26,-15.449861507740465,5.693036098821841,-22.12526650608236,21.397916060966708
2000-06-27,-15.982631461078366,6.520000730497929,-23.73918667953293,20.812106158486667
2000-06-28,-16.57312585466654,8.757722717000213,-24.17396999402473,19.353758463719192
2000-06-29,-15.912903687718792,9.581984359151663,-24.80487546601107,17.430883261191262
2000-06-30,-17.129311715939657,11.363936524393614,-23.175435075228307,17.382925017249043
2000-07-01,-16.089445686930524,11.452251253335378,-24.178808940541913,15.738523245193676
2000-07-02,-18.851258900461076,11.032171481850222,-24.088907317725194,16.359605806404016
2000-07-03,-19.836866642189193,9.66165654842343,-22.54443379366589,15.409725423425218
2000-07-04,-20.86424624531859,9.737983667617616,-22.141680138709035,15.28420329754451
2000-07-05,-21.301932902228394,10.083835849402506,-22.053163349289658,14.915568112848565
2000-07-06,-19.708503836465056,10.142556270295959,-21.177839167652174,13.760494764514428
2000-07-07,-20.06535913599756,9.880259104429607,-22.412310026815046,14.443974514435439
2000-07-08,-20.456332461871224,9.954134986602641,-23.17118623894509,13.108747717641206
2000-07-09,-21.83324317205527,9.418983993972661,-22.18160025444844,13.033985698614181
2000-07-10,-21.646846785274246,9.169005890031245,-23.187918924406958,13.386353035676247
2000-07-11,-21.317395467124047,8.828610977533332,-23.383233153238596,14.674107967001836
2000-07-12,-21.53961499220017,9.726741099699833,-24.20102352939145,13.118509545075966
2000-07-13,-21.412446805598048,10.695850948206191,-23.816827265868334,13.911706456187147
2000-07-14,-21.882148122003606,10.61738722274028,-25.24370049284616,14.335417649796739
2000-07-15,-22.412083771374586,11.850494862338325,-26.92076744734884,13.529863136388899
2000-07-16,-22.776668416151463,12.242057463236904,-26.506988258897255,12.816388585224235
2000-07-17,-22.986880873522868,13.16822431460714,-26.947111771476074,12.569520479522065
2000-07-18,-22.378436483781158,12.517321108609984,-27.97088834486854,12.21399912017086
2000-07-19,-21.397073061875563,12.491275356723083,-29.670980012177782,11.92955204139395
2000-07-20,-20.015574082614958,13.331486524004536,-28.702467898097552,11.64927094064174
2000-07-21,-19.776220467679114,14.14003474979012,-26.943097381835912,11.13709846617035
2000-07-22,-19.54025678107245,14.562812711931148,-26.895630797073093,11.245377591626738
2000-07-23,-20.742902041782756,16.169837156301863,-26.92285569151246,13.131109193923244
2000-07-24,-19.921541213908778,16.28125599876607,-27.47285321262481,13.270617002695278
2000-07-25,-19.475530424916165,15.671544414482243,-28.634927435498184,13.415264864099921
2000-07-26,-20.60992151189026,15.941291482189026,-28.311826096030682,13.871366840605042
2000-07-27,-19.717684440721825,14.996578623385021,-29.301180701061302,10.795488780190137
2000-07-28,-18.582429136748004,15.201537991939004,-28.7516016709033,10.14240949553901
2000-07-29,-17.134392519246276,15.360361734727762,-28.49752473057847,8.315464545488148
2000-07-30,-17.207670850793978,15.99298777590431,-27.667613489908916,7.995208497223063
2000-07-31,-17.85107971405128,14.703850572000565,-28.10085882383161,6.273060242500446
2000-08-01,-18.224019404813625,14.672084649409832,-26.487847755744625,4.421206157917222
2000-08-02,-18.040242761397707,14.005484552682963,-27.107164029526345,4.30429340069405
2000-08-03,-16.282502923499177,13.971588360536888,-28.214980654647434,5.149517796960589
2000-08-04,-14.50531903023241,13.663356463888189,-27.408959247257606,4.897784620343622
2000-08-05,-10.720402611592686,12.700455381059104,-26.614769662469946,4.630968162241725
2000-08-06,-11.796554549946883,14.550662037512243,-26.933966933017,7.256753603948184
2000-08-07,-11.421260879233884,13.736768594822895,-26.798708354864054,8.733800030655496
2000-08-08,-13.040457608144852,13.524282508854258,-26.89463411551155,8.573851057079482
2000-08-09,-13.171397334767466,14.363079637578117,-27.436776186026137,8.983221156492188
2000-08-10,-12.824087805510139,14.466347290077671,-27.75545268060653,8.994327231600076
2000-08-11,-12.097148543781035,14.67464148436262,-27.966969495513244,6.682079500530966
2000-08-12,-11.585362633719326,13.230865993674243,-28.285868292885883,7.470383854799643
2000-08-13,-10.508350131133955,14.659873041050183,-27.860111949135803,7.76817217567117
2000-08-14,-10.731560880438922,14.354656882136078,-25.576935135376708,8.551491058666915
2000-08-15,-10.917036114016863,16.28962656335554,-25.841046137244174,9.05093283313681
2000-08-16,-10.503191581953198,16.202465448710917,-26.013104139394596,8.947551130620688
2000-08-17,-10.96570212790984,16.80584679526772,-27.01544729894198,8.851583760501342
2000-08-18,-10.524823522639279,19.01030442964922,-27.73570394128871,8.353491173725265
2000-08-19,-11.459494401497889,18.953836135044,-27.242581555521795,8.380548490433792
2000-08-20,-11.686034347812225,19.281446557181376,-26.33528335185813,8.701723165354768
2000-08-21,-10.553148507445346,21.029702695691952,-26.586038684900224,9.61628731113464
2000-08-22,-11.115420471131024,22.043707982550274,-26.132487194741497,9.656823004840197
2000-08-23,-12.134771011642872,21.88108033863091,-25.79825434955443,10.505282204337023
2000-08-24,-11.826384057502707,22.89288867248059,-27.13797819494272,10.671250553721197
2000-08-25,-11.579644568784191,22.156246663058567,-25.93421787308807,10.746246098991023
2000-08-26,-11.2900158574774,23.197248174536405,-26.65660495784717,10.849729294407243
2000-08-27,-10.931720601184164,23.599794704694308,-28.02454368693848,10.28676513373512
2000-08-28,-10.96048431480618,23.94902216962491,-27.324490032716085,10.410908948553574
2000-08-29,-11.409134489748702,23.472765224359918,-27.32956808810852,9.264151920150976
2000-08-30,-10.250988837102627,23.455523326620234,-27.226430031111768,6.663572343407196
2000-08-31,-10.405905329397338,24.539454115008063,-28.732798852493488,7.777239709820757
2000-09-01,-8.944111863881027,25.260608497905555,-28.91715589449347,6.807750639857185
2000-09-02,-8.085607276982357,26.535992287968895,-28.523393415439635,6.682395907248494
2000-09-03,-8.736372129967542,26.616687975611722,-28.477200325047246,4.222670916807187
2000-09-04,-7.817352546012445,26.90690998647109,-27.736384308039035,4.004762683106178
2000-09-05,-5.3251896909692,26.265866199520346,-28.646286638353597,2.893868803254014
2000-09-06,-5.2558279383330495,23.682777916099404,-29.81014711054848,2.561849690572251
2000-09-07,-3.72995320631349,23.570883893116847,-30.185459113608083,2.1618078159382126
2000-09-08,-5.5462247179095,24.325539250374646,-31.323335650354984,1.2313690770837238
2000-09-09,-6.527592026185997,23.338335613095534,-32.28912524592687,1.7249837204497012
2000-09-10,-6.402038983745854,22.021396028002524,-32.111880983913686,0.8522676568558732
2000-09-11,-5.790526737808502,21.455544726490295,-33.11075524889362,-0.4639750646922055
2000-09-12,-4.474810004178562,21.333869711838716,-31.398441603110033,-0.10158609833168442
2000-09-13,-3.7295879508624354,20.31813710963762,-31.342514013260843,-0.6390570223367223
2000-09-14,-5.757051316700202,19.029640127591758,-30.94367211819246,-0.8385789070965597
2000-09-15,-7.1613224532749555,18.56051821555914,-31.875887007804092,-0.7297937733284963
2000-09-16,-8.581323898431313,19.39124224969433,-31.565755496422465,-0.9877386706703752
2000-09-17,-8.365948947347151,18.94776027351256,-32.28327790329882,-0.9477078205901742
2000-09-18,-8.269506474045276,16.519710782768765,-32.38629268772236,-1.536410722567755
2000-09-19,-8.14852284614836,15.36117538369709,-33.34521785869659,-1.287572689076849
2000-09-20,-6.996851872634536,13.706859029217064,-33.3653398747827,-0.1652045726009712
2000-09-21,-7.424962717656401,13.621578184287797,-34.585426756089845,-0.3566382738280319
2000-09-22,-6.399304095879193,14.649628278530669,-36.61523110894195,0.7175181094627184
2000-09-23,-6.430839536897862,15.673666350042238,-35.765701544578846,1.4215624077078646
2000-09-24,-7.923931989193724,15.436538707735608,-36.37933916126133,0.7872403034542289
2000-09-25,-9.588358901415642,14.828685683109601,-36.24175734258872,3.3871571613869556
2000-09-26,-7.118479958263875,14.25627999770467,-37.01960109641514,3.8784682778132886
2000-09-27,-9.264654621868681,15.017405166773802,-35.83537345027658,4.0626249423657
2000-09-28,-8.692967486542203,14.51671599662648,-36.417707483104095,3.1973757572265025
2000-09-29,-7.296724373698778,13.697930510989602,-36.834937429251276,2.9292672529841055
2000-09-30,-8.07236061121911,14.026240423405522,-38.12741746868144,2.551147678816712
2000-10-01,-8.282132193366468,15.487491699616292,-37.464289878701706,3.4509219254763255
2000-10-02,-7.593011609776219,17.095272262206752,-36.581202387238186,2.9896527480399984
2000-10-03,-9.040752705723117,16.612370568547075,-36.059557341816024,1.5374582981832645
2000-10-04,-9.641242621137899,16.182179279393583,-37.142274423911694,-0.1984535526743627
2000-10-05,-10.469584248930765,15.764203089211584,-36.436250297193986,-0.03271523848626873
2000-10-06,-10.92182583447817,13.511308795112503,-37.27892163798941,0.11331002899340287
2000-10-07,-11.719854433370722,12.363044414947794,-38.74937177968947,0.14349971512487747
2000-10-08,-12.460765915695363,13.057426143857683,-38.70105375396065,-0.09350480342355003
2000-10-09,-10.830178034504211,12.227983832848494,-38.66363809678996,-0.5405121837640937
2000-10-10,-12.141108298581138,10.019609171824197,-37.32323892885324,-0.39466259021116756
2000-10-11,-12.930390526069054,10.15929220902704,-38.16746475501438,-1.8584610136957158
2000-10-12,-12.712533732933512,10.670989793911666,-37.709182262270176,-0.7254545639973733
2000-10-13,-11.619421157491779,9.796394780057657,-38.62638646875374,-0.8594884116127055
2000-10-14,-12.327893365557022,10.580836506453103,-37.770644513475254,-2.3536070952474786
2000-10-15,-11.387872273397981,9.737394638027205,-37.74616401603547,-2.463746187467126
2000-10-16,-11.60195043825682,10.011152846215957,-37.34407426682894,-1.4373875967006493
2000-10-17,-10.814206096557632,10.323549327465383,-38.780313353789076,-0.8983152554790947
2000-10-18,-10.60826406462701,11.415465273165204,-39.019164341200074,-1.6141750880700987
2000-10-19,-12.168136541503424,12.659462615903095,-38.68075388149446,-0.8636613604710763
2000-10-20,-10.986922433285363,12.157694656749268,-38.90973816767477,-1.860015810852481
2000-10-21,-10.591406958610387,12.47613361026375,-39.1434530326889,-1.7486596734385247
2000-10-22,-10.347159598609029,14.66423802016877,-39.35225534239346,-1.7561858843688112
2000-10-23,-10.292780965888104,15.949550420786828,-38.92334888493253,-3.7333288872194528
2000-10-24,-9.062722487282944,17.348019855986475,-39.252902671707176,-2.974173557414323
2000-10-25,-6.090458755950893,16.557076785256857,-39.45397723520176,-2.9916319901891204
2000-10-26,-5.316027537046879,15.965916712407246,-40.23178326592218,-4.184343448843103
2000-10-27,-6.987918308388359,18.128032458977575,-39.58414476599278,-4.676173875696396
2000-10-28,-6.469598224670229,18.74152728206169,-39.995688598988956,-3.4831885349081437
2000-10-29,-7.72870545259392,17.85580647306605,-39.32193066843565,-3.625980846274323
2000-10-30,-8.181047950417609,19.007430798608087,-39.575542403271776,-2.9214615807952544
2000-10-31,-7.897742068640248,19.42368612297515,-42.7581434180606,-3.942882399833267
2000-11-01,-7.679168545219172,18.775674532631836,-42.57768597234805,-4.807950030310163
2000-11-02,-8.874499909268378,18.08588935178384,-40.469009035197864,-4.51668307190946
2000-11-03,-7.233615841251939,17.59968585757734,-39.559786346782474,-3.90217503386088
2000-11-04,-8.024219421343489,17.449592955032585,-37.84113958594906,-2.6706038367432656
2000-11-05,-6.856112004058535,17.629593780564765,-39.78683897419375,-3.8702946121583395
2000-11-06,-6.129890623525799,17.90749128099209,-39.91956520654992,-4.650130602103082
2000-11-07,-6.8024605896794395,17.42069757932206,-38.97303944803704,-2.403350295282182
2000-11-08,-7.1063641798880886,17.83069100663284,-39.377361801228936,-3.6419424953775197
2000-11-09,-7.389471554068673,18.527084611571937,-39.18253032785954,-3.524288488510268
2000-11-10,-8.300761930214678,18.79823401946444,-40.20057700227177,-3.145249000539076
2000-11-11,-8.676775627615674,17.691827189426807,-40.189004724346894,-2.6262131084912017
2000-11-12,-9.92716859688128,18.29546563387627,-38.72586472792101,-2.4943477765871798
2000-11-13,-8.762898108501588,19.01451624278685,-38.885033541324034,-2.931644411726792
2000-11-14,-7.9435659490547,17.538813520600172,-39.64259881407486,-2.5103661576868364
2000-11-15,-7.835902711447567,19.70289243414347,-39.26501410701783,-3.3446911638191055
2000-11-16,-8.50328361484817,20.894286323120024,-40.30088966241834,-4.483907000916649
2000-11-17,-7.667511374035598,22.80280857894087,-41.103117515393485,-3.085213662848764
2000-11-18,-5.755254473241379,23.6907001237097,-40.760677316937496,-2.651056009886932
2000-11-19,-7.179746151727736,23.945399591080577,-41.32407387391775,-3.097318304414444
2000-11-20,-7.8118957710251795,21.707675945595778,-41.0382561960488,-2.5908408081583456
2000-11-21,-9.11035660430064,20.898730636221952,-41.49687492216582,-2.6099043830412136
2000-11-22,-8.356609861907078,21.964750404889326,-40.743426890835714,-2.442193562297809
2000-11-23,-9.125782537682202,22.105596799732957,-40.18412523395565,-4.341963200354535
2000-11-24,-10.754517871019312,22.215590831438952,-41.44031866261755,-6.232537651436794
2000-11-25,-10.26424950830729,21.044780828855796,-41.85994962642244,-7.9033080518388985
2000-11-26,-9.38169099323994,19.228775447604008,-42.930225077532825,-7.706486419590422
2000-11-27,-10.889972010429519,19.16313270673057,-40.79775646408072,-9.038159719024213
2000-11-28,-10.548309150647107,20.1851903822958,-41.270951979351864,-8.733126235378604
2000-11-29,-8.981474981858115,18.984350581264156,-40.86164436552417,-9.034740576237834
2000-11-30,-10.043295186201343,17.33913029114407,-41.84014983771632,-9.760564064267653
2000-12-01,-9.728011361066688,17.760082396342874,-42.65361833647931,-11.059272775955767
2000-12-02,-7.781587202856924,19.09911413670718,-44.45398383854424,-10.944077436131378
2000-12-03,-7.905683410616267,18.506032811373522,-42.89918462312902,-11.517845918751654
2000-12-04,-9.358879010256038,17.177824529582324,-43.55659330366919,-11.499282409243657
2000-12-05,-9.530533206659353,16.915976109805126,-44.764317112960455,-11.165899346372067
2000-12-06,-9.032663455495374,16.774903179698903,-45.43203307207364,-9.63707355235848
2000-12-07,-9.613327804508497,16.928411581864776,-45.71466996904093,-8.625746715471678
2000-12-08,-11.278635748755798,17.044458068319702,-46.118523987862524,-7.421373379616293
2000-12-09,-12.150152258123619,17.389809063509535,-46.322688231342944,-7.12970079413071
2000-12-10,-13.751509008409869,18.207902083362132,-45.96316130222674,-6.568436000912866
2000-12-11,-13.227936132090631,16.51536271440839,-44.958733903469835,-5.639970852251005
2000-12-12,-13.423620230164643,15.804260036459416,-47.51931423621257,-5.457461791949269
2000-12-13,-13.495783267828129,16.026823621213335,-47.466934916387196,-5.3339576220933544
2000-12-14,-12.608737180676991,16.27076180045894,-48.999658067457176,-3.6521610675474063
2000-12-15,-11.87173064886458,18.241832431941546,-49.503973167914374,-4.0715771011919575
2000-12-16,-13.065276474310707,19.517626706889544,-48.42299293571815,-4.194338714110729
2000-12-17,-13.001446211938863,19.376537889244187,-48.21874303215661,-4.069616952906784
2000-12-18,-12.857561000536604,18.08394045402989,-47.23829950803319,-4.345462012724893
2000-12-19,-12.788678292180558,17.6763960650188,-48.8231823272315,-3.8959275293992137
2000-12-20,-12.302889468587475,18.5391441498155,-49.40335644815663,-3.8064178952205023
2000-12-21,-13.414487347506661,19.38558472238686,-48.60040244868462,-2.801582009352829
2000-12-22,-12.379888560140415,20.340869933808452,-48.90058832050609,-0.9838702566603212
2000-12-23,-12.493597202357979,21.117952282421015,-50.105602339540724,-2.0165312692900654
2000-12-24,-11.785078758453825,22.269326527682406,-48.860597456862315,-0.47889329098571065
2000-12-25,-12.196988389378628,21.86641889815584,-48.440373493768796,-0.21611194355450397
2000-12-26,-13.00107657338592,20.254857519172496,-48.804002737528805,2.037121624458804
2000-12-27,-13.771456648559631,20.154147908245246,-49.34227976480857,3.6718916731152706
2000-12-28,-12.966381798605859,20.83762705756392,-46.80933222367151,4.023498582834139
2000-12-29,-12.076580989075175,20.165805875267413,-46.40631321466486,4.89123593431162
2000-12-30,-11.501893508278972,19.54699111298229,-46.132325735801324,4.2429311916149235
2000-12-31,-9.967935035437922,20.9477460695024,-45.016455015348356,3.7473349094456547
2001-01-01,-11.565492150422063,18.851025055148938,-46.963257539802456,3.086203264708569
2001-01-02,-10.689842974514743,18.689650378639257,-47.67908254840251,1.4325618591700646
2001-01-03,-11.051734667836174,18.857173267735618,-48.775325602047396,1.1115235096245435
2001-01-04,-10.910587442299118,19.636773486704985,-50.85787565688832,0.06266376383746342
2001-01-05,-10.526479017452433,19.19684410614957,-51.628593666866635,1.755039192415399
2001-01-06,-9.489687064545246,18.00795339403778,-53.56775487239892,-0.17168814866849336
2001-01-07,-9.25612185259381,19.707011609105482,-54.63062138271738,-0.12124896186092693
2001-01-08,-9.340780444471934,20.491419944706838,-53.99376969718984,1.3729528261189294
2001-01-09,-8.997234507025746,20.879274658574495,-53.57655862926113,2.381925171350756
2001-01-10,-8.89793830643105,20.944698172848682,-52.95628037047436,1.3945948419989551
2001-01-11,-9.140926781180635,21.751740253968112,-52.82460478679419,3.2725695839952387
2001-01-12,-9.48029311974822,18.87413505757145,-52.71870246950368,2.263499266313562
2001-01-13,-12.484637315405562,19.862749747884923,-53.760053574281784,2.299452455724759
2001-01-14,-14.113139814261585,18.855901248243082,-54.00550085273637,2.638610298255852
2001-01-15,-13.827163458268124,19.501333134313963,-54.956442926494674,2.6303551915494388
2001-01-16,-15.421821237623927,21.202288951863576,-55.32069483064459,1.949515365999779
2001-01-17,-15.016194327045973,20.166771545240792,-55.45501455498842,0.7455636392766352
2001-01-18,-13.950480230589873,20.16513958266392,-56.52943158150824,0.6181906307616145
2001-01-19,-11.599794159877856,17.550267819068267,-55.96825441523182,2.495297123325822
2001-01-20,-11.666784029142327,15.425909758135026,-56.00144549105755,3.4523249560258313
2001-01-21,-12.450913993845163,15.134541328384689,-57.62076786201118,2.883303968430616
2001-01-22,-11.945139629448363,14.921142165503031,-57.537889845355515,2.530182918341191
2001-01-23,-11.91227430617327,14.7729196676255,-58.13270570707839,3.08906052859741
2001-01-24,-12.254479022666247,14.34743473723985,-58.89015705840222,2.7047593519899737
2001-01-25,-13.632911905716762,15.077334209559426,-60.84659789704691,4.226533844811568
2001-01-26,-16.056325157139,14.251943283380083,-61.3825349213876,5.390329925718481
2001-01-27,-16.008062141669356,15.716465747925042,-60.79885039251889,6.732434197840707
2001-01-28,-16.880011885002,13.295370842783534,-60.552048929334674,6.887919328301536
2001-01-29,-16.80827416518926,13.949455755317747,-60.17296059155615,6.6419050183520625
2001-01-30,-17.294969018798543,13.97111836745859,-60.819810571353806,6.409521726448904
2001-01-31,-16.184009692946685,13.093788916109874,-59.35876967643989,6.946814736893929
2001-02-01,-16.06824782222576,13.786031232772423,-59.966305450125745,6.65610497116656
2001-02-02,-14.570589505324662,13.147359578322318,-59.78885111966105,7.165307281397842
2001-02-03,-12.907318075856105,12.029670985866339,-62.49401613529647,6.414826206060065
2001-02-04,-11.875411077721568,13.290357642635593,-63.92202584003997,7.205059284740814
2001-02-05,-10.917514311835406,12.927670217071805,-62.551567631986515,6.731934903742815
2001-02-06,-11.656819670479802,12.907287910694063,-61.718289619402526,6.139494366723142
2001-02-07,-11.91350967533951,13.17386047471555,-62.07325746624768,6.401427296393686
2001-02-08,-11.159801644178447,11.52931985528113,-61.517734327306826,6.560143188578392
2001-02-09,-11.082263824519112,12.069474850260194,-62.263396633174516,6.0527972483170265
2001-02-10,-11.304791511474729,11.71173620265763,-62.561530603057335,5.518968606851137
2001-02-11,-11.160299215842482,12.079200401446492,-61.31244960186971,7.189208412009638
2001-02-12,-11.969522769767497,11.158086804356692,-60.38917569307351,5.675352846934523
2001-02-13,-11.862341371265826,11.751627618641768,-61.512222067480366,5.896696990251731
2001-02-14,-12.937290981423486,12.527595358177125,-60.91698264225016,5.896087157836904
2001-02-15,-12.599129475305611,12.045563432742409,-61.210046480794695,7.1916081765406235
2001-02-16,-12.88763270517906,11.748301918720907,-61.44519546157579,5.998816274379819
2001-02-17,-13.531455191621806,11.709111211123528,-60.349330126190104,7.732027883000793
2001-02-18,-12.972349348909871,12.351774469670836,-62.60886199712877,8.631147729962073
2001-02-19,-13.040729584835995,10.923022626515937,-63.30292024978745,7.609716468946528
2001-02-20,-12.730038489580133,10.598335805005178,-62.56387575241429,7.332865659116295
2001-02-21,-12.743922704238633,10.944170816084032,-64.29817403685705,6.119950215539422
2001-02-22,-11.933049369932803,10.382779360069467,-64.68894918302863,7.684398150569061
2001-02-23,-12.013844760757129,9.95825050179166,-66.09624966948098,9.175256064729098
2001-02-24,-10.669743738882113,11.516940675987271,-65.96715576279695,11.350661303837004
2001-02-25,-9.105459162551309,12.880711258745919,-65.839306411054,9.934907714338394
2001-02-26,-8.400048813992477,11.549464480038296,-65.85381206853852,12.05668101667527
2001-02-27,-9.359572481295391,12.849620278908652,-64.02524267098151,12.6677220061517
2001-02-28,-9.284355943305691,13.194396671377312,-64.61583433411658,11.902630036814822
2001-03-01,-10.824768173037807,12.21696001065894,-65.7549894730516,11.57894570850228
2001-03-02,-11.450471865366547,12.111833311692163,-65.24455488392023,9.825354491681153
2001-03-03,-11.567388363187993,12.907088909559436,-65.14338230426078,9.38786286611126
2001-03-04,-11.940197435659595,13.744247134753408,-64.73376426755827,10.206104915581662
2001-03-05,-10.321971073150664,12.505889513562376,-66.17883999097575,11.040538814566414
2001-03-06,-9.230719846410512,11.610543731932372,-64.37292634697857,11.250141421472362
2001-03-07,-7.784328211078301,11.589354868436274,-63.78088911116083,12.133975478902624
2001-03-08,-8.481588824137914,11.970284139126138,-63.5053892703859,12.767396016436647
2001-03-09,-8.488461745017393,10.64128775682465,-62.61468416904036,15.202731956155723
2001-03-10,-8.355472227383801,9.782485914001278,-61.20261162487666,15.233367562927402
2001-03-11,-8.761454146770106,11.35242520954196,-60.94644578260595,13.88069362790067
2001-03-12,-6.77896467239047,11.348826633269901,-61.387781139188924,14.315949708642709
2001-03-13,-7.863941530387288,10.824277735211115,-59.73508814443845,15.566828152656205
2001-03-14,-7.60084340852598,10.771732790208059,-60.36898713305162,14.740280922108138
2001-03-15,-7.218051292962326,11.131163730956201,-59.570140965030376,13.381009583480884
2001-03-16,-6.703252752651608,11.671642431124045,-60.236736002355336,12.656245936662618
2001-03-17,-7.058608497828997,13.915114400879805,-58.59981052310502,12.162636489760718
2001-03-18,-6.840889318495079,13.971158124501388,-57.30378855774354,12.43985229525835
2001-03-19,-7.647871188824273,14.058513742686667,-57.65716442112992,10.968753259828723
2001-03-20,-6.261899347661519,12.96869462633913,-58.112228456206665,10.481342940271722
2001-03-21,-5.670272879210025,12.613976914782516,-56.81749514502266,12.449870906026682
2001-03-22,-5.387922532168862,13.334758841410661,-58.31581844856418,12.609037472931139
2001-03-23,-5.974394478552647,13.738565055366948,-59.99981499571801,14.976000530123425
2001-03-24,-6.0000894571070855,11.773041928255804,-59.9482030457568,14.420409670001106
2001-03-25,-5.635315343707741,9.41806655550169,-59.86632227139503,15.353355238813808
2001-03-26,-6.211346521528289,9.947621161017187,-60.07976395325913,16.91238147092819
2001-03-27,-7.048287805003721,11.042824203230566,-60.402663088774304,16.672512216854575
2001-03-28,-6.808436132146875,10.721224165765234,-60.708669926102296,16.526398959656806
2001-03-29,-6.406015481085635,10.099794895871776,-61.10942272928563,14.015060695815713
2001-03-30,-6.4558830412567625,9.313574736870464,-63.25843502588288,13.77680631069165
2001-03-31,-5.72604152633108,9.490994423442524,-63.27192011554079,12.574961291117452
2001-04-01,-5.724187039080899,9.762701165011439,-61.81073384684109,14.741132770889774
2001-04-02,-5.3822682622074485,7.8430308052987785,-61.84232086203756,15.363437931237746
2001-04-03,-6.7169088009075395,6.633775789756489,-62.9282203993629,15.378155209787257
2001-04-04,-8.234412774004142,6.916252983285028,-62.137013605878,16.76042117203955
2001-04-05,-8.28868269898549,6.0024400381542975,-62.40789445557541,16.99269756290096
2001-04-06,-8.067879894378928,5.029494524644007,-62.47107471026184,16.61967866902136
2001-04-07,-6.593715885284975,4.723027061804043,-61.76771767926276,17.39922737395617
2001-04-08,-7.415458985950261,4.961322570930961,-59.8785906794983,15.631360267617506
2001-04-09,-6.424826790715197,6.434619695866735,-58.882193863833436,16.966198600986985
2001-04-10,-4.835262832560635,5.067077348294152,-59.14246814934133,16.94827079916996
2001-04-11,-3.558338319564745,6.387242097935984,-57.11087164153507,17.52122518730648
2001-04-12,-4.399768757750087,7.115968429223685,-58.510383264132635,17.60696435945028
2001-04-13,-5.835763827055475,8.37440357809761,-59.44599731439121,18.665619967187112
2001-04-14,-4.5812722850061185,6.821338339255416,-60.662149299522724,19.61209982546465
2001-04-15,-5.573660201187222,6.222016039037364,-60.0540091824073,18.153489158305135
2001-04-16,-6.915282745206054,7.448751398109273,-59.68098969531886,18.575167172186468
2001-04-17,-8.59059314353135,6.370382449911608,-60.376094214102295,17.250963087517082
2001-04-18,-8.521018723355184,6.563790161697382,-60.206673221515544,18.783009563112223
2001-04-19,-9.953256084281243,6.900953568770655,-61.07351481910735,18.83096284640883
2001-04-20,-10.322130180094968,4.81262000275629,-60.62718990296521,19.208596691399404
2001-04-21,-10.81497705830611,4.8109067046885965,-60.341861933978876,17.844337269693685
2001-04-22,-10.736183322512735,3.634164193387498,-59.88447960694903,17.747651635805276
2001-04-23,-10.757349897961847,3.2304220758768407,-60.29617240489505,18.67500194803422
2001-04-24,-7.3147533817502275,2.3027053601335195,-61.44185521549326,18.44438664198918
2001-04-25,-7.773307615474482,0.8741375890495859,-62.393363614492806,20.192866219326365
2001-04-26,-7.7150567644179215,1.2295769578184763,-61.47088425905197,20.326348501741037
2001-04-27,-5.601462440224154,0.07938364560840716,-61.55812982705958,19.394245801032664
2001-04-28,-7.639106751492276,-0.5946866782687528,-60.16250596149454,19.887620041283277
2001-04-29,-7.5441809728457985,1.0901190902555102,-61.75957388366375,19.50190897235343
2001-04-30,-5.884610298125536,0.6149897491813875,-63.3055254497474,17.30672209065851
2001-05-01,-5.514704247365589,-0.5765801427326188,-61.390221100703315,15.654341894095534
2001-05-02,-7.355071080236016,-1.3410926178144225,-59.878867705630164,15.997573743046928
2001-05-03,-7.916108932038435,1.178034639327163,-61.438427664975904,16.44159575267196
2001-05-04,-6.61390054419635,0.9922350327011313,-59.8644809680326,16.627024620332943
2001-05-05,-6.647719673167039,2.4670330734730825,-58.8487515634162,16.33523238578787
2001-05-06,-5.975358711024172,1.5800685166422137,-57.74799827987442,15.326641910155312
2001-05-07,-5.050792408901612,1.0871471535692923,-59.60000859682635,15.344364809416465
2001-05-08,-4.8971605789822545,0.5764837943232427,-59.89542462068867,15.608944523063638
2001-05-09,-4.860965066589584,1.353002365263211,-59.403940979700465,13.801933293008764
2001-05-10,-4.578100753126612,1.330469487166746,-59.10298748970322,12.788807240899256
2001-05-11,-5.974262754165819,1.341407099151059,-60.50797421345502,10.247879419851214
2001-05-12,-5.957500419376658,1.0918672588700498,-60.47247993720296,9.895542219702945
2001-05-13,-5.7566148969210955,0.772050361611768,-61.53856461272514,9.269456807422534
2001-05-14,-5.371904532073953,0.1656317391257366,-62.10253928715477,8.35093106331801
2001-05-15,-5.984362080982255,0.7312289495183039,-61.83574866256701,7.75883051329875
2001-05-16,-6.296244533225215,-0.9937011848037728,-60.49146511435219,7.677343818639377
2001-05-17,-7.147828048930423,-1.210274060342994,-61.614211239690846,6.707643499960367
2001-05-18,-7.869426949228235,-0.9772969722332971,-62.37718662448763,5.873010679756916
2001-05-19,-8.041015961072535,-1.1373425516627134,-62.9866020260431,6.33714796509835
2001-05-20,-7.798662913790096,-0.8916525075843662,-63.02004452674187,6.64142787396137
2001-05-21,-8.98222178088951,-2.1546724089681586,-62.15573597802367,6.921929899640169
2001-05-22,-8.924965396383307,-1.3774441772893524,-59.57338824652857,8.84941494822927
2001-05-23,-8.045190756152245,-2.0514908400324443,-58.00486242411971,8.975539250397036
2001-05-24,-8.28054938913972,-1.5332591847750665,-58.750968426629,9.993347552227934
2001-05-25,-7.49694531978121,-1.2175305671069632,-56.87621215226134,9.388757701642842
2001-05-26,-7.458843517184116,-1.0516305704414572,-56.638587060636844,10.378843808253707
2001-05-27,-7.482162783721958,-2.6040495132064283,-57.99477657059966,11.095463627698477
2001-05-28,-7.9199816088895405,-2.960245966491194,-57.676626103472955,12.460893754943699
2001-05-29,-6.971861774587843,-1.3152326406944344,-57.66329827344547,13.704323371126526
2001-05-30,-6.036874565127304,-1.5376616013285143,-56.56701326604626,14.571023482598852
2001-05-31,-3.686312978042802,-0.26458381217714577,-56.22775960325285,13.344312472096354
2001-06-01,-4.015184128898301,0.6454535074791735,-56.34160058052055,13.83366551759878
2001-06-02,-3.573060063745004,-0.45990335459866005,-57.169726313885505,15.961878634418358
2001-06-03,-3.1483062490608686,0.7249975864315551,-56.80501598987898,15.344832569764344
2001-06-04,-2.0937831869013617,2.2402326014686134,-58.26600034027367,13.668317813651761
2001-06-05,-2.019812930740504,0.6675819792282298,-57.37954867295424,15.407320162709846
2001-06-06,-2.0558927624782934,0.9310701163382409,-57.191161412849475,14.82663005416366
2001-06-07,-2.8682107506224037,0.49040683244390804,-57.5037246243536,13.765052982813819
2001-06-08,-1.310755342429985,-0.3935445512353296,-57.58257602772324,12.935005090847609
2001-06-09,-3.4320988733549607,-1.0644668620115447,-57.00465310740254,13.538929958953005
2001-06-10,-3.1902310364564492,0.9373827329210482,-59.37596971981631,12.70733801725648
2001-06-11,-0.8202804688126366,2.4173558985228984,-57.87651345498141,12.328412350342353
2001-06-12,0.2938101730511973,2.3957021564689507,-58.23542002119051,11.856024039845739
2001-06-13,1.0831828253281948,0.935479317640119,-58.00610439248459,11.931526231203724
2001-06-14,2.4919537050883296,0.562410908176115,-57.70994115698269,10.980265845610619
2001-06-15,2.6356819368851956,0.7253000553134462,-57.7141557513644,11.420962457913202
2001-06-16,2.9060326549720155,-0.1295345795022339,-58.49510821597924,11.305570619587774
2001-06-17,4.123433702412105,0.7642118488701427,-57.39784810381692,12.536017852661773
2001-06-18,4.434816295635307,0.3825249602627906,-56.7265294004095,12.694546086324458
2001-06-19,5.106935376562359,0.2332422298748975,-56.53439272776072,14.184987259741217
2001-06-20,3.631689759474348,1.1961584246874586,-57.15139768195413,15.536738006294552
2001-06-21,3.4538932525020405,0.15067364810050132,-58.54299369882856,15.287645011019508
2001-06-22,2.090746669517335,2.4791655766093097,-60.37487602882958,14.221180727011888
2001-06-23,1.9339224692286128,3.189617392151648,-60.69976105504224,15.005960383461149
2001-06-24,1.719000622490915,4.979442834979726,-59.64331095876879,16.000122769019157
2001-06-25,1.7498793188633097,5.0028404283045855,-59.62693302017995,15.679133026069659
2001-06-26,-0.29108915565128846,5.173203398907358,-60.08800473042229,15.257642736023824
2001-06-27,0.4969918517657671,6.031909305361746,-60.72538482424662,15.230438387483641
2001-06-28,1.0858362762403395,5.274795389606581,-60.852808511234585,14.53418252889571
2001-06-29,-0.11551489509683321,5.250779076815941,-60.12881393444597,14.844056698420655
2001-06-30,-0.9810569460760906,6.369660141597288,-58.470194826771184,14.914684472163131
2001-07-01,-2.5402501793019834,6.834137086177697,-57.599371542412214,16.793086525012708
2001-07-02,-0.6645982498563028,6.886277062462049,-58.272963300493835,16.362445759411365
2001-07-03,0.4009935708334085,8.702572773971752,-59.55483457578862,16.253102306668357
2001-07-04,0.2882414260991666,6.153982161174832,-60.304772165823884,16.70893072499732
2001-07-05,0.07920486957574699,6.916430578585894,-59.75246818603544,17.226652693562137
2001-07-06,0.014154318795403492,8.487442012537661,-59.67368486793571,17.72307146670876
2001-07-07,-0.21251015096824116,8.31738461351235,-60.113477658287074,18.53538306013859
2001-07-08,0.0840716566650282,9.420819191762847,-59.167624554593864,17.98794410750265
2001-07-09,0.4542770928701125,9.663097029198248,-59.44002669127776,18.29124628574734
2001-07-10,0.3396874101489069,10.01668077000174,-58.81621284315428,16.43671816565486
2001-07-11,1.4442749720756398,10.181244437628306,-58.34001297386716,16.03731194336589
2001-07-12,2.652157210609726,10.364590607165155,-60.4042135581899,16.01705663311162
2001-07-13,2.317379922960507,9.939788905702946,-60.60946027624472,15.295065977754215
2001-07-14,1.7169094260131252,8.866992524071529,-58.54191530451348,14.6792238477886
2001-07-15,2.1840430449281527,9.066672842971338,-60.29808809514249,13.53273799751471
2001-07-16,1.8279006571880796,8.863056536405054,-58.50391698501825,13.007873782436844
2001-07-17,3.2176760992264217,8.762941297641822,-58.748064269990834,13.408790201262775
2001-07-18,2.7085355978355836,9.216301389183524,-57.73896281948031,12.381443957415314
2001-07-19,1.5044997451360107,9.468743677968869,-57.89206571394133,13.119592511214435
2001-07-20,0.23253740109813226,8.475377211333186,-56.86137856321907,14.32621329607006
2001-07-21,0.9771776844556758,8.016275425038138,-56.06785617673017,13.58051505332107
2001-07-22,1.3825615733043424,7.775190365061846,-55.769045979979666,14.865917790004751
2001-07-23,0.6532737736328069,6.479265315678421,-55.72543963695641,15.120436585524676
2001-07-24,0.27801756361521635,7.4258910157792775,-55.0267323595203,14.882289876950756
2001-07-25,-0.14498542079231413,7.033164752666355,-54.77010452415623,14.852688838254705
2001-07-26,0.6156371611892107,3.9524401010910992,-54.32253640263861,15.106244507747698
2001-07-27,0.13411988459267304,2.640955148926275,-54.36809641979315,16.24469955077447
2001-07-28,0.6683164928908678,2.636976008948709,-53.448173556842015,16.469552958015417
2001-07-29,1.2265777624567078,4.1394304964166855,-53.52383428540459,19.190961196323528
2001-07-30,0.2504892266608991,2.631180140577892,-55.27942168705327,19.78256692755951
2001-07-31,0.08160739712228879,3.122506605811318,-55.15917500983586,22.176946604553596
2001-08-01,-0.21103470809474248,2.177866860743923,-56.51537359982168,23.772094163543763
2001-08-02,0.01246279399944017,-0.20051792732333018,-56.41639620579892,22.834956048418448
2001-08-03,-0.8453697020577959,0.2093282020049017,-53.262807878898876,21.986998046715666
2001-08-04,-1.5050919986953717,1.200389555249753,-53.16051967025963,21.141153341438983
2001-08-05,-1.4689098504482534,1.2630738497432603,-52.982088814656386,20.63252163741397
2001-08-06,-3.189440156301761,0.6789496510449955,-53.18435587031633,20.77524924349977
2001-08-07,-2.597507545688704,-1.410114761926486,-53.33915195285829,21.33004973883483
2001-08-08,-0.7186357829476266,-0.3988757477440168,-53.614480066164106,21.819358969491546
2001-08-09,-0.46381797763930166,1.1377352564893748,-54.186252906469285,22.009885176372016
2001-08-10,-0.610572423476726,0.9132433602845642,-53.485920326482926,23.008125221592007
2001-08-11,-1.544786035575635,0.590827037487953,-52.476459921749736,23.859477513415147
2001-08-12,-0.7295559985097301,0.8489044889683508,-51.527054087687404,24.79091685837893
2001-08-13,-1.2384382469101234,2.1690196089082865,-50.655243984970625,24.249681153887554
2001-08-14,-1.636658180239381,1.2443554232227345,-49.53405360336445,25.33261206078362
2001-08-15,-0.7199881252830658,-1.019571096349033,-50.00518009754105,26.53755319341665
2001-08-16,-1.201350295193671,-1.4314990220898776,-50.29446443788728,25.44191217612302
2001-08-17,-1.1819136966381678,-1.3195335296330428,-50.601220456544674,24.570159266548224
2001-08-18,-1.0256273354847052,-2.1886127426086848,-48.97105728510726,24.360090655762722
2001-08-19,-2.943975008088744,-2.9200534433468714,-49.5424416007081,25.198166992677418
2001-08-20,-4.2924069586255476,-2.3167367102519045,-51.21755812248635,23.224631868602096
2001-08-21,-5.165519152457321,-1.9120995730886141,-51.66224631929999,23.644741878121557
2001-08-22,-3.3811137112865586,-2.262118827823508,-52.10228944147976,25.533445879230275
2001-08-23,-3.775394416635333,-3.6746141646550803,-52.931048232456874,23.70495129692405
2001-08-24,-4.509910969861416,-3.9567271727583053,-52.982106520835394,23.86838509490993
2001-08-25,-5.3570422222576255,-6.113372906938796,-53.38230427480373,24.997139905265456
2001-08-26,-5.994236063023878,-5.152898844051651,-53.12323203057243,26.077103083853217
2001-08-27,-6.9410300019203754,-3.7635518830867274,-55.08526962267228,24.152825535060636
2001-08-28,-7.755820371299952,-3.1920608158277854,-54.33180715879556,25.28893672954608
2001-08-29,-8.35738480234649,-3.1925023747255192,-55.06465868651344,24.642576281368033
2001-08-30,-8.977768979205226,-2.9920948297401697,-53.606716281473894,23.979688004352102
2001-08-31,-9.64028094290517,-5.420179378240968,-52.87456885550038,23.781110241757077
2001-09-01,-10.245755980996075,-5.180880976701681,-54.49634169100013,24.058732322717034
2001-09-02,-11.149379583827198,-5.963817394745248,-53.99462976186721,24.777433140666638
2001-09-03,-10.535333851276494,-5.355706473654931,-53.06142773352326,22.190706343857798
2001-09-04,-9.438146783863596,-5.129099023240384,-53.181957685809465,22.098545726499022
2001-09-05,-12.048079547084939,-5.370174700308154,-54.08973094446667,23.251163400992827
2001-09-06,-12.379004949259205,-5.620323195293065,-54.75164850908319,23.921314503480435
2001-09-07,-12.451191990607892,-5.249282487290807,-53.34556193925152,25.38067696727563
2001-09-08,-11.210104040320246,-6.420609859456152,-53.65247795186754,24.351886310252503
2001-09-09,-11.585173435896614,-5.891601194756802,-53.552031036259955,25.289647447303736
2001-09-10,-14.039635284012512,-7.897335685803796,-54.18051953136189,24.948308889649663
2001-09-11,-13.573022338609547,-8.654398473461534,-54.47923698377832,25.610925217328365
2001-09-12,-12.863466282921983,-10.581274253125226,-53.67817459552309,24.97895987877923
2001-09-13,-13.691451391951514,-12.503904733627689,-55.156330145957234,25.672574021738374
2001-09-14,-14.140761415607898,-12.614285203689239,-55.3755245341906,24.677913668581393
2001-09-15,-14.442623597124948,-12.117713847651387,-54.176254460371275,25.66130728064834
2001-09-16,-15.127521396543482,-11.02854417228051,-51.909470293546725,24.73993914823891
2001-09-17,-14.850828973734775,-11.23064959558013,-51.71331744612132,26.00993030753728
2001-09-18,-15.50696087126296,-10.772665126960868,-52.05805057247085,24.935089922764746
2001-09-19,-14.771539636440425,-9.52048562338979,-52.45508193547557,25.613973068376605
2001-09-20,-15.443563338529177,-10.40132065490046,-51.4170133025779,27.35867949276589
2001-09-21,-15.112724895332853,-10.771850930808109,-50.922065234357156,28.533244482711023
2001-09-22,-15.100839246573155,-10.445502691003535,-50.39368157053441,28.324020078143842
2001-09-23,-14.997403418182166,-9.46224049002561,-50.044934948990566,28.625855928041105
2001-09-24,-13.991593032817834,-8.821366493679603,-48.98013299683473,27.17907481215879
2001-09-25,-15.475568979629921,-8.110434232068256,-50.18258538985264,27.53830356529956
2001-09-26,-15.852292309299735,-6.72171281435471,-51.333924120958045,26.360039081255547
2001-09-27,-14.544707780324709,-6.522893900164216,-53.94788859528205,25.211263594999735
2001-09-28,-14.619797598017346,-6.441175239880254,-54.07640493991871,25.36507951486824
2001-09-29,-14.29206792235628,-6.693431549643489,-53.04510807180996,26.543317358979724
2001-09-30,-13.92792650094557,-7.1523445110542365,-51.40410320343813,25.43992844348193
2001-10-01,-14.507807531004804,-7.667231509040042,-50.473532192206015,24.772921501293308
2001-10-02,-14.97514527856428,-7.386917641638447,-48.65446274531345,24.858299460247217
2001-10-03,-14.894408571039552,-8.795210243775704,-49.26374307965699,24.342571832160974
2001-10-04,-14.466049695809797,-7.751365086147666,-49.119143396703635,24.491309763412268
2001-10-05,-15.532833665551719,-7.682396346143543,-48.66233044922586,23.891370269104627
2001-10-06,-17.589084769574743,-8.169326355715988,-50.20657182700964,22.701646679187363
2001-10-07,-18.238816005479208,-8.593160694146816,-49.964962241274804,22.128650980453024
2001-10-08,-19.97360579475333,-9.448404095495448,-49.2643323241193,22.390416821356933
2001-10-09,-20.785840057362382,-7.89916039270435,-49.64519616630596,22.352896720156867
2001-10-10,-23.296578767490743,-10.949085682136097,-49.40093019520014,20.40246400913595
2001-10-11,-23.000644563532276,-11.486085723565393,-49.11288700944274,21.575987190296726
2001-10-12,-23.9184857958176,-11.95909577064752,-48.642259694977156,20.28534524418955
2001-10-13,-22.759548379971932,-12.648895626826041,-49.03434616440793,19.565035218365516
2001-10-14,-23.505331644880535,-12.349203628068592,-49.0108458565629,19.062459106418444
2001-10-15,-23.55329276109561,-12.118502890421807,-48.33961593091209,19.03256721520276
2001-10-16,-23.373257128467884,-12.791953588861192,-49.52920420278144,18.96968641645463
2001-10-17,-23.216321479272438,-13.911189920728967,-48.896304602342354,19.348815256989507
2001-10-18,-24.70570284870481,-12.932143136895604,-50.06221689585375,20.40834996462678
2001-10-19,-24.47139209726715,-12.792144530960593,-51.51118212972388,20.233543999750594
2001-10-20,-24.35458121907661,-13.586494125809919,-50.142321329053836,21.54709133124889
2001-10-21,-25.153018474998472,-11.865654476917435,-52.37666134083419,21.59078004180135
2001-10-22,-26.034751883791895,-10.22498363232219,-52.30717477255096,21.003499035722978
2001-10-23,-27.71713542826584,-10.048315409587634,-52.3295388030063,21.348094721268257
2001-10-24,-27.930399144261752,-8.350054977496537,-50.613143966456185,21.14373097467556
2001-10-25,-26.473205187595003,-7.578689316953367,-52.42476462645863,20.35057734132539
2001-10-26,-25.21734712336285,-8.379896646806657,-51.88332053619928,19.85453677111812
2001-10-27,-24.252933671558647,-9.396596139395884,-50.04902804282707,20.856954951590343
2001-10-28,-23.35413456475496,-8.791137003387659,-50.20976322223917,20.48287661010089
2001-10-29,-22.33187561242205,-9.804575877502833,-51.432836213117604,20.403221330929867
2001-10-30,-24.447203783999996,-10.059578657568132,-51.11815674981397,19.778737022245707
2001-10-31,-23.848308569288434,-8.517499451090933,-49.64277228916444,20.71295183266349
2001-11-01,-23.959512843225635,-9.76128412686365,-51.26640614228218,20.816114268589892
2001-11-02,-23.573975337645003,-9.820494109308733,-50.88937829910558,20.639906828220795
2001-11-03,-23.269877884621323,-10.686138425001522,-50.20344772648688,19.273516416303636
2001-11-04,-23.76257349939736,-9.887417319087866,-51.720345011655304,19.065468289721284
2001-11-05,-22.552176995717254,-8.804765120579495,-50.921262575953726,19.10759738917954
2001-11-06,-22.035030069913834,-8.628133212812173,-51.298488625866206,18.159258517013672
2001-11-07,-21.681230350792966,-9.740295526569055,-51.8202918923758,17.79638441268238
2001-11-08,-21.413002550125828,-9.842118127215045,-50.215543402229,18.57774195107123
2001-11-09,-23.043412011537775,-8.85734385166081,-49.48757388904917,17.781779310174297
2001-11-10,-22.829315777277266,-9.518445674640711,-47.75000815141566,16.1018143300515
2001-11-11,-22.534122467155985,-9.938476424414048,-45.777352153258356,13.487315408745411
2001-11-12,-21.296238142716412,-9.83007399705133,-47.66992426997032,13.530549559750368
2001-11-13,-21.529416196969823,-10.368399323690515,-47.25491722696215,14.638759442220243
2001-11-14,-21.894823064060628,-10.822782532806972,-47.2863142118834,16.412725974535576
2001-11-15,-21.418230788354478,-10.048444718238489,-47.11848158588266,16.727708863352756
2001-11-16,-21.381062182839536,-8.97241907028763,-49.11480365340356,15.076625928218338
2001-11-17,-20.11900000007644,-10.979491832547534,-48.95632873683821,14.554958016117833
2001-11-18,-18.255690036140628,-11.559052034773124,-48.38768178377163,15.620606372410458
2001-11-19,-19.885315468845647,-10.193375163466165,-47.4812728762958,15.054529674694797
2001-11-20,-20.55474345515699,-9.182199236664765,-49.18428770812341,13.52289847618992
2001-11-21,-20.367763810377436,-11.058938734386691,-49.33477190627719,14.387020271166568
2001-11-22,-21.76425988601355,-9.288350487081514,-49.8383480076961,13.304210287163132
2001-11-23,-21.938908140858832,-10.215529275201867,-50.340768329039115,12.432129390576605
2001-11-24,-21.60221001538022,-8.555230532618676,-50.267678739695135,12.15185707690758
2001-11-25,-21.838062904339218,-9.441976771106932,-50.53416505628844,11.784554388225029
2001-11-26,-21.368712577287067,-10.86840957014402,-51.00247043069943,13.00726580481801
2001-11-27,-20.18338155851037,-10.243660080028201,-51.06303396794812,11.60805755295187
2001-11-28,-21.453751643965777,-10.235792764049796,-50.78666092878549,12.680013759097157
2001-11-29,-22.106603310714764,-9.949826831202406,-51.28241155457767,13.915127248469819
2001-11-30,-23.09109199024216,-9.802660141607653,-50.51294286649957,13.69339599609463
2001-12-01,-22.44248232004283,-9.095396720521268,-49.70785937560316,13.823896213901238
2001-12-02,-21.353131638632778,-10.676931719873906,-49.95911939966398,13.253543419626164
2001-12-03,-21.619563278421285,-10.418110346532037,-51.42469327161848,13.432344872021591
2001-12-04,-23.274590550952237,-10.203565013248209,-51.417479534510036,13.836305018529108
2001-12-05,-22.368656497229697,-9.753889928700175,-51.05221914173802,13.605780990355916
2001-12-06,-22.568352871782448,-10.25931435811189,-52.074454081653094,15.991746612885747
2001-12-07,-22.301407798912845,-10.402297385836299,-52.39447448622926,16.105022224744253
2001-12-08,-22.582913568715636,-8.705726665097465,-52.14393340194483,15.765815662719154
2001-12-09,-22.786511237331254,-8.047554184614555,-53.471611852112225,15.394612410228415
2001-12-10,-22.442068543375626,-10.0674090704426,-54.35078938483271,15.496770892147998
2001-12-11,-22.78953801367717,-11.518352187251345,-55.644970993678605,14.672992718833367
2001-12-12,-23.229055994511523,-11.29704713900685,-57.61903920035949,13.8094338188718
2001-12-13,-23.52882067404421,-10.871130069455573,-59.35623642772136,14.671886133408577
2001-12-14,-24.616290497422764,-10.305605070960537,-57.33065616988499,15.01535029458485
2001-12-15,-23.339936953625433,-10.16637946110717,-57.34010246609564,13.9348750653294
2001-12-16,-23.78479384723378,-9.817534377274846,-56.979102301486456,14.106500011027627
2001-12-17,-25.194343128269466,-9.69517919490253,-55.733255102337765,14.155118703425172
2001-12-18,-24.300508816251618,-9.224341434473464,-56.83145780841866,14.625525088752617
2001-12-19,-25.494556615377952,-9.58203127900869,-57.90899158145578,14.766955692650816
2001-12-20,-26.122421358443294,-8.11707350699709,-58.2067647993568,14.513490474980347
2001-12-21,-25.16689371315632,-6.91069584669392,-59.437032081654635,13.198756842989878
2001-12-22,-25.301638893742375,-8.39803939885716,-61.32107666158606,13.182232041090993
2001-12-23,-25.612646263489438,-6.645869405059854,-59.31607662300667,14.736979275554816
2001-12-24,-25.677516393196363,-6.696569486088015,-60.82614647778851,15.118326908311545
2001-12-25,-25.841151146454564,-6.389012703884443,-60.76747868712859,15.720097600864964
2001-12-26,-26.287103986713603,-7.034725405139349,-62.243005470054335,13.205801854907666
2001-12-27,-27.324337393780738,-7.264626586431009,-62.48582646554871,13.00900370732157
2001-12-28,-28.459978467293354,-6.255801574657428,-61.64335026849127,13.45741819176964
2001-12-29,-27.89570823810604,-8.147882538574663,-62.308104781403465,13.104963687621714
2001-12-30,-28.29417435959671,-8.271933181253589,-63.21397910589034,13.825814962331822
2001-12-31,-28.930169513579383,-8.916557088624227,-62.268456221608304,13.509736797469765
2002-01-01,-29.065488014321517,-7.7266580354637835,-62.436482059827775,14.913406629692204
2002-01-02,-29.809819290944997,-7.542436166062232,-63.46303122916385,13.913798250351295
2002-01-03,-29.964044296916146,-8.170119414546098,-64.57624019030229,13.885948098754158
2002-01-04,-30.07246813938477,-6.69035248293593,-65.6886139714389,12.592211896092056
2002-01-05,-30.42847646754114,-7.389962701854201,-65.56490569860173,12.739700299036489
2002-01-06,-29.481679316028334,-7.641531141713353,-64.37486408192473,13.411050651536334
2002-01-07,-29.814639659868952,-7.097757786387271,-63.475649053209295,12.33086870427463
2002-01-08,-27.817353253217785,-7.608646255849797,-63.80045157595982,10.474787259488274
2002-01-09,-27.77265474040502,-7.1490142016878195,-64.89042272071687,10.466446532043898
2002-01-10,-28.579439449049424,-6.093125440589068,-65.25003590235762,9.2150200940482
2002-01-11,-27.876048420640963,-5.539629867935965,-67.1104850821123,7.139830863120123
2002-01-12,-28.19056002971123,-5.3214862438435,-67.88595217719559,6.315889612119749
2002-01-13,-27.436799775550956,-6.477217885287969,-69.81609808521313,5.08619383766053
2002-01-14,-27.710987557009254,-4.585670694935444,-67.99179355180142,3.4388809971634666
2002-01-15,-28.91698955904156,-3.9639337796751053,-67.00782367369128,4.123620321363367
2002-01-16,-29.605766392780524,-5.0806956432860915,-67.919642091453,5.780212054811274
2002-01-17,-29.468875322067586,-5.720117003942818,-68.61213176028325,7.9331279936225325
2002-01-18,-29.652390026750155,-6.942819255233884,-69.02683669941796,6.683995187429033
2002-01-19,-27.932416062373964,-5.645322075015308,-68.43753696365658,7.1790874110823735
2002-01-20,-27.657453364722425,-3.9908352386796375,-70.08054956446955,7.380652545973179
2002-01-21,-28.403686862439983,-3.906622599183326,-70.77085128276218,6.842141646408015
2002-01-22,-28.34252898853567,-2.8375020229649026,-71.45792948355417,7.426210147096219
2002-01-23,-28.566387860793032,-1.7569482630909645,-73.05909690213701,6.076025855634527
2002-01-24,-30.67916458930777,-1.3410638995625686,-72.20169331946903,3.998151515572291
2002-01-25,-30.477906277646344,-1.5739443216626654,-72.74390054882883,5.292923865899798
2002-01-26,-31.451598201200497,-2.20941467014187,-72.34052591385779,4.277092955034193
2002-01-27,-31.704026734079534,-1.017655263449937,-71.58190115331458,5.158813142808359
2002-01-28,-31.28579357072025,-0.4259638483993661,-70.8433663080326,2.8940404585292865
2002-01-29,-30.06226195795132,-0.2174455765925094,-71.20489401442146,2.9853799622713573
2002-01-30,-29.949117280737845,-1.0604029796140704,-71.21498204783829,2.605939054045937
2002-01-31,-30.053142277585053,-1.0398904289662156,-70.62951949660857,2.613664340526355
2002-02-01,-29.86759809578211,-0.1788127201970462,-71.10267824140298,2.0771248032482177
2002-02-02,-28.909948444900223,1.0954394499838633,-70.50944107877883,1.0556891622915339
2002-02-03,-29.24039451424696,0.24344110655139517,-73.02704068803922,1.8192736674377712
2002-02-04,-29.71534865259336,-1.506910981713033,-73.80168832380457,3.734280624206888
2002-02-05,-28.722551199333306,-1.7149930969492115,-72.03256205649375,4.796358274119779
2002-02-06,-28.354583834655653,-0.7407650054746805,-71.53817202575485,4.608735962360739
2002-02-07,-25.955409681969144,-0.7717052419343933,-71.29262785411184,6.196056409455522
2002-02-08,-25.06072971750311,-0.1553979397921187,-71.681026673747,5.252357221220185
2002-02-09,-26.042927549605988,0.8493847290746609,-71.06682651229187,5.798753476889653
2002-02-10,-25.682207265004813,1.1773347982068931,-71.05437202958825,5.749760083791942
2002-02-11,-24.257225902052085,-0.5134854522937613,-72.12134049960505,5.46840609465239
2002-02-12,-23.229384347973852,-0.32755590132526835,-73.16770085760879,5.907204920366402
2002-02-13,-23.098095261850528,0.326593487743173,-73.70416137237656,4.689614102504329
2002-02-14,-22.438131761433162,0.3906722825032996,-74.63037947816396,5.15840104953125
2002-02-15,-24.126769123612654,0.18216495000620925,-76.25899801835386,4.005709666213539
2002-02-16,-26.86114108621115,-0.9703573695979615,-76.00997957844058,4.520528062210267
2002-02-17,-27.14901389145305,-1.3315534732992775,-73.14607855308296,4.204986476856863
2002-02-18,-26.950957436982666,-0.16254175503141077,-73.06972907761629,3.866879845130674
2002-02-19,-29.7546464637905,-1.318633715731728,-72.22803810911219,1.848509283970455
2002-02-20,-29.269570338801266,-0.5043917913923724,-71.26106516409864,0.5384450633745028
2002-02-21,-31.84295350429022,-0.3263041838844303,-70.71268345292101,-0.18772588629786757
2002-02-22,-29.18249739781372,0.17623826537581422,-70.51720693080648,0.2915707619843799
2002-02-23,-27.67556758780655,-0.22822272261678828,-71.34436360505148,1.8916795162060103
2002-02-24,-27.695698502139198,0.14934972489134318,-70.83163016732016,1.7092244268369425
2002-02-25,-27.620087237488192,-1.8377890216041075,-70.81521546657413,1.1929841296803958
2002-02-26,-28.259754362377258,-0.5414110650709785,-72.65511685383781,0.6901923702397144
2002-02-27,-28.05274274816673,0.4043811009381413,-71.94454161711944,0.19739752236429997
2002-02-28,-27.31336027412512,2.295249261399977,-72.02892435187212,0.7616439147800037
2002-03-01,-26.276702943793275,2.2799005084139607,-70.23975882316016,2.1528601554624367
2002-03-02,-25.68336403639802,2.3889934305191654,-69.40721335922558,2.998946111934453
2002-03-03,-27.222682530166992,1.1096638913551313,-69.01219933450832,2.563893156425483
2002-03-04,-28.070986865260195,1.1528239600471235,-68.75468895245567,3.2704481252594926
2002-03-05,-27.64145063784386,0.33000934736398757,-68.63472920337601,3.834235750042883
2002-03-06,-27.514368699701794,-0.4715863644400168,-68.01646258763374,3.4479415630861716
2002-03-07,-26.55453441474407,1.0029416727679057,-66.61315422743708,3.4291073884890566
2002-03-08,-26.651433179913646,-0.2776054331931772,-66.19535287600792,1.7954969196870043
2002-03-09,-26.507914041200184,-0.13001410454747003,-65.61540039215834,1.1327251920677022
2002-03-10,-26.052147340470132,0.25078216885890375,-64.7434631142539,2.2633717906209236
2002-03-11,-24.733282431785444,-0.9705679748961091,-64.59231643555835,2.7383356884555274
2002-03-12,-24.99350649230721,-0.8033166913227714,-65.54012848396937,2.6176793900206796
2002-03-13,-25.653933014466727,-0.8696747178044284,-65.67847710523081,2.0007797097439406
2002-03-14,-25.095188328181532,0.27424648743575064,-64.88431343519561,2.254147269166805
2002-03-15,-23.967441164916615,0.27336749704655683,-65.56961726435783,3.218578536245718
2002-03-16,-24.685524725732343,0.259792564502455,-67.02089250876485,4.006980448509688
2002-03-17,-25.04511550416671,1.041255527542381,-68.27920859432174,4.547776327688541
2002-03-18,-24.968660573443348,2.4961336490967243,-67.23420291436219,3.681670394955561
2002-03-19,-24.137593297666136,1.561581889537729,-68.68458836195425,1.9453187110712706
2002-03-20,-25.66730073205921,2.329574707877732,-69.44071926019278,2.0167720085711367
2002-03-21,-25.49671526218677,2.278535688004151,-69.74096770998837,2.4597261754455206
2002-03-22,-26.82498388077888,0.7414053361886996,-70.54405535202051,4.647567437344644
2002-03-23,-25.143992133555347,2.734492820429578,-69.47936458608022,5.537223105641071
2002-03-24,-25.006902371520223,3.4050780609600535,-67.4802931232586,6.591831660644401
2002-03-25,-24.94785990380949,3.189486846504554,-68.20186777715577,5.803360199244348
2002-03-26,-25.566727004810804,3.8693621282846857,-68.39553987920655,4.543921679392548
2002-03-27,-25.94590601211224,3.747939170117831,-69.02408670429982,4.540121667616101
2002-03-28,-24.248657231562824,5.040698565448461,-69.75446974711474,3.8631481746269096
2002-03-29,-24.23980714692527,5.71915116137013,-68.80843274012676,2.8337586415670475
2002-03-30,-22.71087161259971,5.700717187032186,-69.24454925120048,2.007867270108349
2002-03-31,-23.15521355764413,6.163415964643335,-70.20903148679102,0.6217409074642182
2002-04-01,-24.21157263768855,7.015665034877615,-69.62072642147056,-1.214871138551311
2002-04-02,-22.700791932470114,9.11008490622968,-69.25264592685512,-1.8896467415364504
2002-04-03,-24.347185197520243,8.677134127464578,-67.76514741007784,-1.482704750790479
2002-04-04,-22.318750161616098,8.914569263504381,-68.80377047714376,-1.7226811877530896
2002-04-05,-22.1187137541071,8.3586917441371,-70.80572797528305,-1.9366634867256176
2002-04-06,-22.590141643687982,8.390895215602292,-69.62237077971756,-4.016738053376047
2002-04-07,-22.392590973952284,8.035406363334879,-69.58096508526758,-1.56669363471328
2002-04-08,-21.47010334485835,6.105217608666733,-68.99327948679668,-3.116633443122982
2002-04-09,-21.715719544454217,5.446153887949386,-69.55545310095418,-3.8233185890735744
2002-04-10,-21.91472500576088,4.678043237203591,-70.0212894560319,-1.9537370929429179
2002-04-11,-20.477043452518465,2.885966132308579,-68.77827873830442,-1.996512293217151
2002-04-12,-19.495282923036203,2.7815877413587335,-68.14566486845398,-2.838732660954731
2002-04-13,-19.050797160011207,2.1853706326437092,-67.44048335636067,-3.6558277881645713
2002-04-14,-20.41066963945105,4.210220366446694,-66.99397383507551,-4.152705062966375
2002-04-15,-19.20601487187917,5.088179834680885,-67.35925693286227,-4.139207780260612
2002-04-16,-20.403187363858166,4.7435229301796,-67.48474251495472,-6.5211348201457024
2002-04-17,-21.606362703781098,3.802646194071657,-67.44456528573495,-4.645819615855216
2002-04-18,-21.984959234017456,4.814500144455354,-68.45658938895744,-4.861217926020773
2002-04-19,-22.845748039956437,5.760308404608629,-67.25281173781974,-4.957265238569962
2002-04-20,-21.43470846266024,6.609627135723764,-66.28238096329325,-3.8954773684721484
2002-04-21,-22.04393897632389,7.733452852574384,-67.32512263843955,-4.134567793855721
2002-04-22,-22.29421611892014,8.701746642066901,-67.02275360411547,-4.37875506303414
2002-04-23,-22.3885849019476,7.696515805650708,-67.72657367872532,-7.520428758194225
2002-04-24,-22.51400900134626,6.359199634942295,-64.66594277730273,-8.28922034820527
2002-04-25,-22.168278927857763,6.4262688517156645,-64.62762640519183,-7.353106856405033
2002-04-26,-22.594021052602294,6.773862986325542,-63.506773156531544,-8.591524735646138
2002-04-27,-21.721869645873667,5.9089845184588565,-63.31419153882581,-10.539228038356796
2002-04-28,-20.994942221852963,7.40238539937652,-62.850897953215814,-10.17480769656385
2002-04-29,-21.99845835454487,10.112943663897788,-61.32193612200809,-10.287582409968426
2002-04-30,-23.654602871859662,10.635706089356864,-61.62076475861498,-11.401432699675462
2002-05-01,-22.94545357539227,10.337399120187825,-61.530487041951204,-10.428503463279325
2002-05-02,-23.46342957552739,9.197902644005012,-61.127561593885325,-11.512352672703365
2002-05-03,-23.861174347837338,8.057269286532886,-61.52087072528911,-11.40256079890666
2002-05-04,-23.310430027298633,6.503355148195081,-61.352572021647994,-11.533410741502866
2002-05-05,-24.438340148144338,5.404034167661514,-61.96521672489103,-11.835228041537956
2002-05-06,-23.10199598958975,5.943579652106557,-61.48259436125643,-13.68273644929377
2002-05-07,-25.30109018531399,5.992311546361355,-61.47825993670843,-13.847480796172176
2002-05-08,-25.862349571146964,5.344002331515919,-60.497168769949695,-14.245609794427107
2002-05-09,-27.80461501492198,4.0671420695820535,-60.55409232813915,-13.708104100651797
2002-05-10,-27.251517198978366,4.023741521134667,-60.55892979373615,-13.696512141713812
2002-05-11,-27.611360513146867,5.904692442527291,-60.66649747073544,-13.117286590774958
2002-05-12,-27.841229343204798,5.520315063591555,-57.928535881247186,-12.875701957245877
2002-05-13,-29.00832058961217,7.292420353399922,-57.42183104475697,-13.148625155951324
2002-05-14,-29.06748482326755,7.178478669439174,-54.5271424077041,-13.06240100325834
2002-05-15,-26.772698543055238,7.302255885986926,-53.58411256850847,-13.721565681924718
2002-05-16,-25.84012712307309,8.823425796205159,-53.907851368840184,-11.962914621553661
2002-05-17,-27.236838473195135,8.627200953449455,-52.17505108533473,-12.535433302693674
2002-05-18,-27.966349714040756,7.2641991356608155,-52.042072804266404,-12.08655409111314
2002-05-19,-27.698040195124427,6.90600379038298,-51.64419203425298,-11.192373550971856
2002-05-20,-25.663215610977463,6.994019068577672,-52.04678583573945,-11.937295745904228
2002-05-21,-24.111364080074864,6.367761157361055,-52.167530839594555,-10.294378202093263
2002-05-22,-24.736704363335836,5.621125659291228,-52.485113123482556,-10.891666935924214
2002-05-23,-24.361155382605357,5.077392093040586,-51.34845186117695,-9.528422927849101
2002-05-24,-22.009101563535474,5.176108207133663,-52.28727889310012,-9.430504131211352
2002-05-25,-18.8180020176161,4.435243898628388,-52.721433362064566,-9.031124974485767
2002-05-26,-17.598877755858787,5.41502697078791,-49.17357541982116,-9.695277396686668
2002-05-27,-18.2980252244671,4.905954034437811,-49.06499198226668,-9.993167811009437
2002-05-28,-18.224261520985195,5.1499420606767705,-49.46464266620437,-10.693139537472588
2002-05-29,-19.026347925512166,5.9888046372617385,-50.59179400437722,-8.838955343328028
2002-05-30,-19.574603508667913,6.077208992470856,-51.40032796505836,-9.011105071211531
2002-05-31,-19.82264839292898,7.501354216296189,-51.14639569597139,-11.349423040006553
2002-06-01,-19.327299749126926,7.130854038681803,-50.785389238425026,-11.915645115764402
2002-06-02,-19.798219146355354,5.948379611211594,-50.828723108647445,-11.822169584383847
2002-06-03,-19.598893935307245,6.427695499889334,-51.01146236510437,-11.68864703394892
2002-06-04,-22.42541911752995,6.5722146518014775,-51.637069070277626,-10.810480457395437
2002-06-05,-22.09893859122583,6.235976481676631,-52.172720972575036,-10.01020671819647
2002-06-06,-22.62600178899919,6.282463694334747,-52.37215714632731,-9.153992499295489
2002-06-07,-21.122160450095798,6.820136745958151,-52.57867136197088,-10.029358411372261
2002-06-08,-23.173746427050716,6.778135928591919,-51.34694737566735,-8.839627953591622
2002-06-09,-23.249595938735084,5.217536513970416,-51.42226394998607,-9.135812462077284
2002-06-10,-23.64886091669625,5.300146987350167,-50.90497746426978,-7.624743941335561
2002-06-11,-24.398085137780996,3.879980097694297,-51.287379636530765,-8.318843083616288
2002-06-12,-24.294161656443183,2.1192490914611835,-50.31855098482958,-7.930810242661004
2002-06-13,-22.72656281384416,3.183931567106846,-50.427802019106494,-10.32732582446313
2002-06-14,-22.158120898934605,3.1189673191083247,-49.834868508520614,-10.82301922172078
2002-06-15,-20.931729808331834,4.236772108953884,-49.924134089002756,-11.937349368085474
2002-06-16,-19.866623295801684,4.243960692835752,-50.75180297767004,-11.974902679080756
2002-06-17,-18.385738569550497,4.280092527389001,-49.81697537671139,-11.228295573551218
2002-06-18,-19.214520777412183,3.9960198219934817,-47.63972568656215,-14.169045609946041
2002-06-19,-18.129471807082144,3.0122704545064627,-49.30478382678801,-13.569521184490924
2002-06-20,-19.92000663222585,2.778685928699065,-48.34730977291713,-14.065365044877632
2002-06-21,-20.093919309025996,1.9653604141881609,-46.84849540279071,-14.721388979834996
2002-06-22,-20.807110912130387,2.8364693601077398,-48.84072013628536,-14.609664598617057
2002-06-23,-22.11633324967614,1.8163787351323333,-48.76199444148803,-14.618197354032244
2002-06-24,-21.153067707271962,0.31424386658197334,-50.44020141511008,-14.185719662645687
2002-06-25,-23.246660377189833,1.3281856272882238,-49.21356477572514,-15.747699446275162
2002-06-26,-24.123235429630522,1.198601210855375,-49.42683408885355,-16.245660796728394
2002-06-27,-23.74113750031873,0.8428444139367076,-47.577664266355626,-16.401351781953306
2002-06-28,-25.357425074531676,1.269062672219374,-48.10971484346695,-16.152951864303287
2002-06-29,-24.722984728954955,3.546905063647345,-48.76278400634512,-14.527601769906633
2002-06-30,-24.730278156757322,4.927173469017981,-50.13294864028119,-14.719794963959101
2002-07-01,-24.253179233571394,5.744861663416362,-52.37106348181308,-14.143733012964562
2002-07-02,-22.21091156394031,5.170530962452868,-53.14066204023258,-14.346192292085107
2002-07-03,-21.54593858788269,6.951422505056834,-52.434655780183064,-14.79100321006166
2002-07-04,-22.976035137442846,6.726399010838494,-54.607599273696785,-14.823679244893532
2002-07-05,-21.998381174399455,5.2853711946842505,-53.89747866893999,-15.185163937858253
2002-07-06,-23.688673932184493,5.069293916954039,-54.16352472861278,-15.589803827164596
2002-07-07,-23.81773621548823,5.68243704365574,-54.679497553554626,-15.268006486827936
2002-07-08,-23.604660256996052,5.4116751502814076,-54.982462303994296,-14.190787399308821
2002-07-09,-21.817981535271983,4.348564320162943,-54.9609528572291,-13.908622798249375
2002-07-10,-21.03855001114882,5.050852290693934,-56.07606497148915,-14.320476171309762
2002-07-11,-21.839208924053324,4.431240244457711,-56.996252199932464,-13.47312328053352
2002-07-12,-22.127354999464764,3.6341105632692896,-56.830753455372694,-15.14662306758729
2002-07-13,-22.661901575845725,1.312881143446301,-57.211762115613006,-13.139062227641094
2002-07-14,-21.897661188431492,1.2080474301767974,-55.70462798954125,-12.686014113249392
2002-07-15,-22.280431096918193,2.5319453926005355,-54.5982031211635,-12.429835988402184
2002-07-16,-23.732144707608683,3.7509704038323024,-54.74119528574728,-12.564953778292757
2002-07-17,-23.08675299808772,3.0769374696851015,-54.26037503705939,-12.348566619959588
2002-07-18,-24.377604881880185,4.052575362871131,-55.65122432639268,-11.42791149836555
2002-07-19,-25.469099170146375,1.9453931093052752,-55.79537412908938,-10.961163898618224
2002-07-20,-25.81187721842002,3.1711478256282883,-56.151307428824715,-12.33227581520508
2002-07-21,-27.047747782193067,3.5848007869129233,-57.55011107538173,-12.16724310689782
2002-07-22,-27.51108525929899,5.0533829819297855,-57.389165579633094,-10.782714447772818
2002-07-23,-28.473514763712704,1.4440625076912146,-57.90116608236657,-10.791339247108443
2002-07-24,-28.203867179545526,1.165403354286879,-58.13543260258143,-9.634416138579255
2002-07-25,-27.519491089342836,0.5390930567350781,-56.82227166976134,-10.384843806825337
2002-07-26,-27.836017014068034,0.3261232321498626,-55.21277556147864,-10.464504031380988
2002-07-27,-28.792651182131834,0.03098489694974721,-55.206102016880244,-11.442866976569126
2002-07-28,-29.37437911254839,1.1154540166694704,-54.95972498740689,-10.158117976917364
2002-07-29,-29.353495722719714,1.4118278955031296,-54.90996744481056,-11.155046742249468
2002-07-30,-27.831151705099185,1.2634735228835692,-54.615587790510645,-11.536464344540876
2002-07-31,-27.34491882169133,2.444062730094143,-55.08351151565141,-10.223928718431353
2002-08-01,-26.069422350663626,0.7977758693682502,-55.85921699650077,-10.029327431292485
2002-08-02,-26.72280803490523,0.43216181465658776,-56.86822727766275,-9.097521606027843
2002-08-03,-26.19072836259045,0.8660868237262249,-57.583292646158874,-9.617000635438917
2002-08-04,-25.0286616856769,2.18507943886853,-58.42139314517352,-9.962610038232224
2002-08-05,-25.253472730831877,0.7352730351638102,-59.14861288488693,-8.306992647061563
2002-08-06,-24.623173396140565,1.51560422969468,-58.98340283555793,-8.624900594044533
2002-08-07,-25.278374924510455,2.4597903120423403,-59.907357651787116,-9.676403963876815
2002-08-08,-26.734041935583626,2.183078556640194,-59.300117998418735,-7.948276850479876
2002-08-09,-26.82112265180465,2.0113628117734375,-59.395244028193666,-6.713935380672548
2002-08-10,-27.591764119922573,1.0703206248563073,-60.67319961732569,-6.829647600046671
2002-08-11,-27.487291720866423,0.17217668354233828,-60.07852025857063,-6.438045392261938
2002-08-12,-27.69547493604234,-0.10450985546805241,-60.21009892300549,-8.40650053984035
2002-08-13,-27.64974350493479,0.5985641549804452,-60.363474707346704,-8.21403671739524
2002-08-14,-26.31608817285374,-1.3691053373876443,-61.43469619575958,-7.5871987812430115
2002-08-15,-26.19815413751181,-2.3320317928292424,-60.241835385094525,-6.239830317743207
2002-08-16,-27.238204306182293,-2.909203853454397,-59.413827869216526,-6.1203871829147305
2002-08-17,-28.85802217932762,-2.3322673030382033,-58.24071508080266,-5.97083550404489
2002-08-18,-29.478525083019502,-1.8308742128505493,-58.01287303313837,-6.302681725813631
2002-08-19,-29.662330674903664,-1.8981554130385423,-55.80619177237496,-6.5835096119252965
2002-08-20,-29.120943472083024,-2.099177531548678,-56.023101574833426,-7.833138639511517
2002-08-21,-29.895486947902118,-3.6124739117687916,-53.6532716252192,-8.139678639631986
2002-08-22,-30.37498223241392,-5.158955779431522,-53.66354439786659,-7.448446879801669
2002-08-23,-28.62152495515288,-5.690689458441624,-54.95395449484048,-6.441467968652403
2002-08-24,-29.12805581927769,-3.655690641084055,-54.30083831241879,-7.310250981726657
2002-08-25,-29.591593897703227,-3.404286163672014,-54.45032541493231,-7.155230922919255
2002-08-26,-28.658816649656686,-4.108879762749609,-55.57162937177929,-8.088182866159649
2002-08-27,-28.093741848147097,-5.0728861291759175,-56.236913443443676,-10.39896012944543
2002-08-28,-28.560596270514008,-3.9893785654596896,-56.75573063946816,-12.015067454682614
2002-08-29,-30.32060813187218,-3.155560674746985,-56.7478952457491,-11.43932063480337
2002-08-30,-30.222579820906528,-4.669456346844963,-56.79668900989847,-12.130963941439745
2002-08-31,-30.483290481856496,-4.387871471278306,-58.411227721335884,-12.488624166983946
2002-09-01,-30.696406013895203,-3.97517131687939,-57.500043998488394,-13.492147647505194
2002-09-02,-29.954821223708127,-2.1680834614849807,-58.345772263907925,-12.77835934067154
2002-09-03,-28.668709490004403,-4.111673353480615,-58.70463082044877,-11.876866632554766
2002-09-04,-30.183012479328575,-4.329245801977486,-59.484312998416314,-12.480525085038147
2002-09-05,-30.978068335589843,-5.4346763623118655,-60.877695171099205,-12.578669304043983
2002-09-06,-30.41036655148875,-6.734441420857137,-61.1913829575892,-13.640709936600054
2002-09-07,-30.742477133549833,-8.009705001320935,-60.953668986931746,-14.080698599596293
2002-09-08,-31.25177355536911,-7.48298003622014,-62.120406806588484,-13.62787800522928
2002-09-09,-30.66869972773548,-8.793959052849704,-62.331699115418935,-12.850107258675592
2002-09-10,-29.460467569644546,-9.391416558629269,-62.852318689627275,-13.125625014091428
2002-09-11,-30.020128574245096,-7.748884147112083,-63.64523644512531,-13.857893834689037
2002-09-12,-29.064218470857853,-7.984046351371232,-65.02719624797398,-13.544016448282635
2002-09-13,-28.94268138689446,-7.117047964148653,-66.00057003828285,-15.59120113671803
2002-09-14,-31.00842586791302,-8.06038587686672,-66.84263721618322,-17.42600585470801
2002-09-15,-32.13008726901341,-8.42032019876655,-65.75501109920847,-18.925326932168446
2002-09-16,-30.959855210828135,-8.588400141365106,-66.96395855192615,-18.258629282324396
2002-09-17,-32.83780381160482,-7.993550213143871,-68.32003049577148,-18.455705865445275
2002-09-18,-32.20936733606119,-8.025207874264991,-67.17639841558733,-19.277257342880713
2002-09-19,-34.03559142369118,-6.733077378844764,-67.3838711746003,-18.615531258860116
2002-09-20,-33.97295477850268,-6.693008821422584,-67.91815699649915,-17.573419338701015
2002-09-21,-33.15958516443615,-7.737850967319005,-69.7456453771035,-17.700635331577008
2002-09-22,-34.06574308360575,-7.12239824859022,-69.09241378163644,-18.868781705973205
2002-09-23,-33.651419652834974,-7.597670740244329,-68.82766912348193,-18.520389099602276
2002-09-24,-34.71282987260973,-6.609685815430687,-68.6685341987445,-18.055276883561557
2002-09-25,-35.518422725169856,-7.606305127194147,-68.77281831011292,-16.083783609894027
2002-09-26,-34.055856506259644,-6.927608394269036,-68.3507600085064,-15.524356563077223
